{"stats":{"minecraft:used":{"minecraft:dirt":3,"minecraft:sand":4,"minecraft:cooked_cod":3},"minecraft:picked_up":{"minecraft:sand":4,"minecraft:dirt":3},"minecraft:custom":{"minecraft:time_since_rest":10399,"minecraft:open_chest":2,"minecraft:crouch_one_cm":477,"minecraft:play_time":10399,"minecraft:sprint_one_cm":14576,"minecraft:damage_taken":130,"minecraft:walk_one_cm":22777,"minecraft:sneak_time":189,"minecraft:walk_under_water_one_cm":5929,"minecraft:jump":242,"minecraft:leave_game":1,"minecraft:time_since_death":10399,"minecraft:walk_on_water_one_cm":3814,"minecraft:total_world_time":10399,"minecraft:swim_one_cm":6879,"minecraft:fall_one_cm":5535,"minecraft:fly_one_cm":50183},"minecraft:mined":{"minecraft:short_grass":6,"minecraft:grass_block":2,"minecraft:sand":4,"minecraft:dirt":1}},"DataVersion":3953}