{"stats":{"minecraft:dropped":{"minecraft:wheat_seeds":1},"minecraft:mined":{"minecraft:furnace":1,"minecraft:iron_ore":4,"minecraft:fire":11,"minecraft:crafting_table":2,"minecraft:short_grass":18,"minecraft:oak_log":6,"minecraft:grass_block":1,"minecraft:coal_ore":4,"minecraft:gravel":4,"minecraft:dirt":3,"minecraft:tall_grass":2,"minecraft:stone":42},"minecraft:killed":{"minecraft:sheep":7},"minecraft:crafted":{"minecraft:oak_planks":24,"minecraft:crafting_table":1,"minecraft:stick":16,"minecraft:iron_ingot":1,"minecraft:wooden_pickaxe":1,"minecraft:stone_pickaxe":1,"minecraft:stone_sword":1,"minecraft:furnace":1,"minecraft:stone_hoe":1,"minecraft:stone_axe":1,"minecraft:air":0,"minecraft:flint_and_steel":1},"minecraft:used":{"minecraft:cooked_mutton":2,"minecraft:stone_sword":19,"minecraft:flint_and_steel":10,"minecraft:stone_pickaxe":32,"minecraft:wooden_pickaxe":23,"minecraft:stone_axe":2,"minecraft:dirt":4,"minecraft:cobblestone":4,"minecraft:crafting_table":2,"minecraft:furnace":1},"minecraft:custom":{"minecraft:time_since_rest":11220,"minecraft:interact_with_furnace":3,"minecraft:sprint_one_cm":31749,"minecraft:damage_taken":80,"minecraft:walk_one_cm":7407,"minecraft:mob_kills":8,"minecraft:drop":1,"minecraft:damage_dealt":606,"minecraft:interact_with_crafting_table":6,"minecraft:fly_one_cm":83170,"minecraft:crouch_one_cm":2747,"minecraft:play_time":11220,"minecraft:sneak_time":703,"minecraft:jump":238,"minecraft:leave_game":1,"minecraft:time_since_death":11220,"minecraft:total_world_time":11220,"minecraft:fall_one_cm":7708},"minecraft:picked_up":{"minecraft:crafting_table":2,"minecraft:raw_iron":4,"minecraft:cooked_beef":2,"minecraft:leather":1,"minecraft:gravel":3,"minecraft:flint":1,"minecraft:oak_log":6,"minecraft:dirt":4,"minecraft:cooked_mutton":11,"minecraft:wheat_seeds":1,"minecraft:coal":4,"minecraft:white_wool":7,"minecraft:furnace":1,"minecraft:cobblestone":42}},"DataVersion":3953}